id,product_code,name,volume,price,category,stock,image_url,target_gender,target_age_group,mood_tag,usage_context
1,9583297f-78a6-4dfc-84a5-82f214b9e86e,Dầu đậu nành tinh luyện Janbee,1 lít,69500,Dầu ăn,24,https://drive.google.com/uc?export=view&id=1Znb8L872Ftc-SFh26afcO92PGV-EBQoa,female,35_44,neutral,cooking
2,76e07498-8366-4687-a82e-2a47ecd1e994,Dầu thực vật tinh luyện Cái Lân,1 lít,46000,Dầu ăn,139,https://drive.google.com/uc?export=view&id=117xFuHs-11UrASZhcpa3QP3RzUFkiale,female,35_44,neutral,cooking
3,fb8b76f0-baea-440d-acf3-f80e738a7958,Dầu ăn thượng hạng Neptune Light,1 lít,69000,Dầu ăn,102,https://drive.google.com/uc?export=view&id=1VKWc0TYgc4xxnRT4lqcgq8zI7BCYc8YU,female,35_44,neutral,cooking
4,2552366a-29a2-46a3-943a-3d8fb45b3fad,Dầu đậu nành nguyên chất Simply,1 lít,59000,Dầu ăn,79,https://drive.google.com/uc?export=view&id=1Zco1o7WXG42g5QrsasNwD41xrhwEIlns,female,35_44,neutral,cooking
5,9258ca2f-5e05-4eac-be09-b5a69a4b9cd0,Nước mắm Nam Ngư nhãn vàng 14 độ đạm,650ml,41500,Gia vị,189,https://drive.google.com/uc?export=view&id=1foQLbgq-0Hb8eJTdmD0bqAXSF98nZaw3,female,35_44,neutral,cooking
6,4261ad1a-adce-4554-9710-a9edbdc16f52,Nước chấm Nam Ngư Đệ Nhị,900ml,25500,Gia vị,83,https://drive.google.com/uc?export=view&id=1BGTrRqN8smtxj-zOguViCeoXIT0cIR-q,unisex,25_34,neutral,daily
7,271cc8ca-e37c-4277-90dc-36f3b624ac9a,Nước chấm chua ngọt Nam Ngư ớt tỏi Lý Sơn,300ml,35000,Rau gia vị,29,https://drive.google.com/uc?export=view&id=1wbQG83XdQ3X1LbcP8G2lzqOezqK10s8s,unisex,25_34,neutral,daily
8,f14b1d05-1fb7-4ffd-832c-bda06d1396e8,Nước mắm Barona Đại Nhất 12 độ đạm,750ml,39000,Gia vị,75,https://drive.google.com/uc?export=view&id=1ouzMlb9zQ6fusVqi0nKz1z91UZR0QHiX,female,35_44,neutral,cooking
9,e4c1b87f-da03-460d-970f-cccf1b363bc7,Nước mắm Chinsu cá cơm biển đông 25 độ đạm,720ml,51000,Gia vị,92,https://drive.google.com/uc?export=view&id=15lBaNVnu-vbSWMbfkbY-fGqQfk0rdi9z,female,35_44,neutral,cooking
10,63a338bb-de9f-45cb-b283-d0abab06015d,Nước tương Nhị Ca Tam Thái Tử chai,500ml,8800,Gia vị,86,https://drive.google.com/uc?export=view&id=1Tz9giGGj57PB4uIK6RrBCQ1GM8T50Qq2,unisex,25_34,neutral,daily
11,c657b334-1d73-44af-b7cc-74d5d5bd1efa,Nước tương đậu nành Maggi đậm đặc,700ml,35000,Gia vị,77,https://drive.google.com/uc?export=view&id=1iKECt4Wv0p_o3K05YbOleT-4QXW4dt-9,unisex,25_34,neutral,daily
12,32c195be-0444-4c26-8b09-761cb0b32136,Nước tương đậu nành Maggi thanh dịu,700ml,22000,Gia vị,20,https://drive.google.com/uc?export=view&id=18XJSC_64KITS-r0F1P1fHTvzQxbvnHtB,unisex,25_34,neutral,daily
13,2bcfabb7-eedf-4da1-ad8c-f464bb3e5ee6,Nước tương Tam Thái Tử Nhất Ca sánh đậm,500ml,26000,Gia vị,38,https://drive.google.com/uc?export=view&id=1TJbDXViPN2FxPXsRGwExjDu8ji2lXtun,unisex,25_34,neutral,daily
14,7d31d029-8f17-4074-ad5e-96f50b6b9465,Nước tương thượng hạng Nam Dương chính hiệu Con Mèo Đen,500ml,41000,Gia vị,200,https://drive.google.com/uc?export=view&id=1eXojJfbfLO8zAqTLkic658UuPAbky3nr,unisex,25_34,neutral,daily
15,cebc7811-c35c-4a9d-8b37-854d28b07b22,Thùng 30 gói mì Hảo Hảo tôm chua cay 75g,1 thùng,116000,Mì / Bún / Phở,145,https://drive.google.com/uc?export=view&id=17rMg2KsxOtTCTB1OA2QC93n2kN7me9G7,unisex,18_24,anger,quick_meal
16,9ce59ad8-ccbb-49de-9acf-155792a5655f,Thùng 30 gói mì Hảo Hảo sa tế hành tím 75g,1 thùng,119000,Mì / Bún / Phở,102,https://drive.google.com/uc?export=view&id=1sdbVTAmCSC3oik5SiRBV6Or6HZbj2gIk,unisex,18_24,tired,quick_meal
17,85b32dea-9fe5-4511-aa87-20e9db48996c,Thùng 30 gói mì xào Hảo Hảo tôm xào chua ngọt 75g,1 thùng,119000,Mì / Bún / Phở,98,https://cdnv2.tgdd.vn/bhx-static/bhx/Products/Images/2565/87000/bhx/slide-2_202410151117466632.jpg,unisex,18_24,tired,quick_meal
18,fc0359c0-800a-40c9-8e49-660ab593f7e3,Thùng 30 gói mì Kokomi 90 tôm chua cay 90g,1 thùng,117000,Mì / Bún / Phở,182,https://cdnv2.tgdd.vn/bhx-static/bhx/Products/Images/2565/212760/bhx/thung-30-goi-mi-kokomi-90-tom-chua-cay-90g_202504011327571500.jpg,unisex,18_24,anger,quick_meal
19,aca2f004-f76e-481b-abe7-d495d4a2d9d1,Thùng 24 ly mì Handy Hảo Hảo tôm chua cay 67g,1 thùng,208000,Mì / Bún / Phở,57,https://cdn.tgdd.vn/Products/Images/2565/175906/bhx/thung-24-ly-mi-handy-hao-hao-tom-chua-cay-67g-201912051406241113.jpg,unisex,18_24,anger,quick_meal
20,d9f8c780-f6e0-408f-9147-1072585bee2d,Mì Kokomi 90 tôm chua cay gói 90g,1 gói,4500,Mì / Bún / Phở,149,https://cdnv2.tgdd.vn/bhx-static/bhx/Products/Images/2565/212759/bhx/mi-kokomi-90-tom-chua-cay-goi-90g_202504011313272490.jpg,unisex,18_24,anger,quick_meal
21,9ad51e21-230b-486c-abce-5487f7b09ed3,Mì Hảo 100 tôm chua cay gói 65g,1 gói,3400,Mì / Bún / Phở,142,https://cdnv2.tgdd.vn/bhx-static/bhx/Products/Images/2565/77617/bhx/mi-hao-100-tom-chua-cay-65g_202506302046333086.jpg,unisex,18_24,anger,quick_meal
22,4f92b81a-203d-4ec7-b261-f1ffbe9b5ec4,Mì xào khô Indomie Mi Goreng vị đặc biệt gói 85g,1 gói,5900,Mì / Bún / Phở,123,https://cdn.tgdd.vn/Products/Images/2565/106457/bhx/mi-xao-kho-indomie-mi-goreng-goi-85g-201912111531110055.jpg,unisex,18_24,tired,quick_meal
23,9d0cd1db-dbef-4a18-b865-111036abce29,Thùng 24 gói miến Phú Hương thịt bằm 55g,1 thùng,250000,Mì / Bún / Phở,119,https://cdn.tgdd.vn/Products/Images/2965/86012/bhx/thung-24-goi-mien-phu-huong-thit-bam-55g-202209121417388176.jpg,unisex,18_24,tired,quick_meal
24,0c8ccc68-ac2a-4543-99d6-166020d0dbfa,Thùng 24 gói miến Phú Hương sườn heo 55g,1 thùng ,250000,Mì / Bún / Phở,86,https://cdn.tgdd.vn/Products/Images/2965/86017/bhx/thung-24-goi-mien-phu-huong-suon-heo-58g-202209101649442959.jpg,unisex,18_24,tired,quick_meal
25,6ea2d57b-df3a-4461-8a6e-db601dd728eb,Miến trộn Phú Hương hải sản cay gói 66g,1 gói,11500,Mì / Bún / Phở,83,https://cdnv2.tgdd.vn/bhx-static/bhx/Products/Images/2965/332970/bhx/thiet-ke-chua-co-ten-2024-12-10t144324627_202412101443467397.jpg,unisex,18_24,anger,quick_meal
26,92e98c7f-ab4f-4150-b20a-c06c519dc674,Miến trộn Phú Hương gà xào chua ngọt gói 69g,1 gói,11500,Mì / Bún / Phở,127,https://cdnv2.tgdd.vn/bhx-static/bhx/Products/Images/2965/332962/bhx/thiet-ke-chua-co-ten-2024-12-10t104556328_202412101049169053.jpg,unisex,18_24,tired,quick_meal
27,b048d361-49e5-4b05-8560-1b82458ef15b,Bún cá cay Hằng Nga gói 70g,1 gói,10000,Mì / Bún / Phở,146,https://cdnv2.tgdd.vn/bhx-static/bhx/Products/Images/2566/348005/bhx/anh-slide-1_202509160941138646.jpg,unisex,18_24,anger,quick_meal
28,91aed179-28dd-4cb2-96db-44c239795d5f,Phở bò Vifon gói 90g (có gói thịt thật),1 gói,17000,Mì / Bún / Phở,87,https://cdnv2.tgdd.vn/bhx-static/bhx/Products/Images/2566/342372/bhx/pho-bo-vifon-goi-90g-co-goi-thit-that_202508211334203532.jpg,unisex,18_24,tired,quick_meal
29,0e9e5f9f-bf21-41ba-b432-761f82316db3,Lốc 5 gói phở bò tái lăn Đệ Nhất gói 68g,1 lốc,52000,Mì / Bún / Phở,68,https://cdnv2.tgdd.vn/bhx-static/bhx/Products/Images/2566/333862/bhx/bs9a0644_202501061621212353.jpg,unisex,18_24,tired,quick_meal
30,f91639d0-6dfc-4083-a260-a2ad3c65eb41,Lốc 5 gói phở gà Đệ Nhất gói 65g,1 lốc ,43000,Mì / Bún / Phở,90,https://cdnv2.tgdd.vn/bhx-static/bhx/Products/Images/2566/333860/bhx/loc-5-goi-pho-de-nhat-goi-65g_202504240949457726.jpg,unisex,18_24,tired,quick_meal
31,26cbd778-6e9e-46de-a952-c88d7b54be33,Thùng 24 bịch sữa dinh dưỡng ít đường Dutch Lady 180ml,1 thùng,170000,Sữa & chế phẩm,35,https://cdnv2.tgdd.vn/bhx-static/bhx/Products/Images/2386/241457/bhx/thung-24-bich-sua-tuoi-tiet-trung-it-duong-dutch-lady-canxi-protein-180ml_202504211356194586.jpg,unisex,25_34,neutral,daily
32,58fe169c-bca1-464e-a180-f17b0a59883e,Thùng 48 hộp sữa tươi tiệt trùng có đường Dutch Lady 180ml,1 thùng,345000,Sữa & chế phẩm,37,https://cdnv2.tgdd.vn/bhx-static/bhx/Products/Images/2386/86175/bhx/sua-tt-cghl-duong-180ml-thung_202504211602138584.jpg,unisex,25_34,neutral,daily
33,f5833d36-7b7f-4702-937f-8d1286c31a38,Thùng 48 hộp sữa tươi tiệt trùng ít đường TH true MILK 110ml,1 thùng,270000,Sữa & chế phẩm,116,https://cdn.tgdd.vn/Products/Images/2386/85876/bhx/thung-48-hop-sua-tuoi-tiet-trung-it-duong-th-true-milk-110ml-202211171539239485.jpg,unisex,25_34,neutral,daily
34,15458477-33d0-4386-bf74-bc53f8887361,Thùng 48 bịch sữa tươi tiệt trùng ít đường TH true MILK 220ml,1 thùng,375000,Sữa & chế phẩm,21,https://cdn.tgdd.vn/Products/Images/2386/86199/bhx/thung-48-bich-sua-tuoi-tiet-trung-it-duong-th-true-milk-220ml-202208011002337875.jpg,unisex,25_34,neutral,daily
35,313a33b8-b547-45a7-ae0a-92edf3d8ed09,Thùng 12 hộp sữa tươi tiệt trùng không đường Vinamilk Sữa tươi 100% 1 lít,1 thùng,385000,Sữa & chế phẩm,164,https://cdn.tgdd.vn/Products/Images/2386/88762/bhx/thung-12-hop-sua-tuoi-tiet-trung-khong-duong-vinamilk-sua-tuoi-100-1-lit-202404021058296104.jpg,unisex,25_34,neutral,daily
36,6ea649b0-f9e4-44cb-9fb9-768d1889cdf6,Thùng 48 hộp sữa tươi tiệt trùng ít đường TH true MILK 180ml,1 thùng,425000,Sữa & chế phẩm,122,https://cdn.tgdd.vn/Products/Images/2386/85853/bhx/thung-48-hop-sua-tuoi-tiet-trung-it-duong-th-true-milk-180ml-202104081706329168.jpg,unisex,25_34,neutral,daily
37,6f831c1e-17cc-4ea1-848a-33cbc4c7ec9a,Thùng 48 bịch sữa tươi tiệt trùng nguyên chất không đường TH true MILK 220ml,1 thùng,375000,Sữa & chế phẩm,180,https://cdn.tgdd.vn/Products/Images/2386/86201/bhx/thung-48-bich-sua-tuoi-tiet-trung-nguyen-chat-khong-duong-th-true-milk-220ml-202104090010317648.jpg,unisex,25_34,neutral,daily
38,bd3729b1-38e4-4118-8d61-d2cb460b770e,Thùng 48 hộp sữa tươi tiệt trùng có đường TH true MILK 180ml,1 thùng,425000,Sữa & chế phẩm,90,https://cdn.tgdd.vn/Products/Images/2386/85859/bhx/thung-48-hop-sua-tuoi-tiet-trung-co-duong-th-true-milk-180ml-202104091503000890.jpg,unisex,25_34,neutral,daily
39,0e3740f8-9d6f-4f7b-b1bb-3b719c18c93b,Thùng 48 bịch sữa dinh dưỡng có đường Vinamilk 220ml,1 thùng,330000,Sữa & chế phẩm,96,https://cdn.tgdd.vn/Products/Images/2386/85837/bhx/thung-48-bich-sua-dinh-duong-co-duong-vinamilk-a-d3-220ml-202401241421584327.jpg,unisex,25_34,neutral,daily
40,662bdd0b-b218-4630-b448-3d2702743375,Thùng 48 hộp sữa tươi tiệt trùng nguyên chất TH true MILK 180ml,1 thùng,425000,Sữa & chế phẩm,96,https://cdn.tgdd.vn/Products/Images/2386/85872/bhx/thung-48-hop-sua-tuoi-tiet-trung-nguyen-chat-khong-duong-th-true-milk-180ml-202104091501209650.jpg,unisex,25_34,neutral,daily
41,8c0bd0e0-9c72-4d67-9c29-61b269b31df8,Thùng 48 hộp sữa tươi tiệt trùng ít đường Vinamilk 100% Sữa tươi 180ml,1 thùng,355000,Sữa & chế phẩm,171,https://cdn.tgdd.vn/Products/Images/2386/85530/bhx/thung-48-hop-sua-tuoi-tiet-trung-it-duong-vinamilk-100-sua-tuoi-180ml-202310071419459272.jpg,unisex,25_34,neutral,daily
42,13cbc909-c57c-4c13-8304-1abb2e7d16e6,Thùng 12 hộp sữa tươi tiệt trùng nguyên chất không đường TH true MILK hộp 1 lít,1 thùng,455000,Sữa & chế phẩm,51,https://cdn.tgdd.vn/Products/Images/2386/92114/bhx/thung-12-hop-sua-tuoi-tiet-trung-nguyen-chat-khong-duong-th-true-milk-hop-1-lit-202209261451014805.jpg,unisex,25_34,neutral,daily
43,d4bfaf6c-3b76-40b5-b6d1-ff43f5cd2555,Thùng 48 hộp sữa tươi tiệt trùng vị tự nhiên TH true MILK Hilo 180ml,1 thùng,470000,Sữa & chế phẩm,59,https://cdn.tgdd.vn/Products/Images/2386/264128/bhx/thung-48-hop-sua-tuoi-tiet-trung-vi-tu-nhien-th-true-milk-hilo-180ml-202203301614110704.jpg,unisex,25_34,neutral,daily
44,5fa3eef2-4d7e-4720-b97e-5173a5175c91,Thùng 48 hộp sữa tươi tiệt trùng có đường Vinamilk 100% Sữa tươi 180ml,1 thùng,355000,Sữa & chế phẩm,67,https://cdn.tgdd.vn/Products/Images/2386/85844/bhx/thung-48-hop-sua-tuoi-tiet-trung-co-duong-vinamilk-100-sua-tuoi-180ml-202404020950234025.jpg,unisex,25_34,neutral,daily
45,70aecc30-273a-4640-ae9e-bf45c96ba51b,Thùng 48 hộp sữa tươi tiệt trùng có đường lof Kun 100% Sữa tươi 180ml,1 thùng,376000,Sữa & chế phẩm,96,https://cdn.tgdd.vn/Products/Images/2386/311185/bhx/thung-48-hop-sua-tuoi-tiet-trung-co-duong-lof-kun-100-sua-tuoi-180ml-202308161315279959.jpg,unisex,25_34,neutral,daily
46,8636600f-9b6f-4cb4-a120-cf70c55c20e6,Lốc 4 hộp sữa lúa mạch ít đường Milo A2 180ml,1 lốc,35000,Sữa & chế phẩm,70,https://cdnv2.tgdd.vn/bhx-static/bhx/Products/Images/2945/336177/bhx/loc-4-hop-sua-lua-mach-it-duong-milo-a2-180ml_202504101051223453.jpg,unisex,25_34,neutral,daily
47,a38415d3-461f-40db-836e-c2658544e3ff,Lốc 4 hộp Sữa socola lúa mạch Lof Kun có thạch 170ml,1 lốc,33500,Sữa & chế phẩm,62,https://cdn.tgdd.vn/Products/Images/2945/327986/bhx/loc-4-hop-sua-socola-lua-mach-lif-kun-co-thach-170ml-202407161553487408.jpg,unisex,25_34,neutral,daily
48,daa15e61-ad90-41f8-aecf-9db0eefdf004,Lốc 4 hộp Sữa lúa mạch vị socola Ovaltine bổ sung canxi 180ml,1 lốc,34000,Sữa & chế phẩm,67,https://cdn.tgdd.vn/Products/Images/2945/306189/bhx/loc-4-hop-sua-lua-mach-vi-socola-ovaltine-bo-sung-canxi-180ml-202305061029435525.jpg,unisex,25_34,neutral,daily
49,7ca3de98-74e3-4a43-9113-06cb5c8f9e50,Lốc 4 hộp sữa lúa mạch Ovaltine DHA+ 180ml,1 lốc,34000,Sữa & chế phẩm,54,https://cdn.tgdd.vn/Products/Images/2945/250744/bhx/loc-4-hop-thuc-uong-dinh-duong-ovaltine-dha-180ml-202112200952265125.jpg,unisex,25_34,neutral,daily
50,16150fd4-8086-42ac-a03a-6bcfd77425f2,Lốc 4 hộp Sữa lúa mạch BFAST bổ sung canxi 180ml,1 lốc,27000,Sữa & chế phẩm,99,https://cdn.tgdd.vn/Products/Images/2945/240661/bhx/loc-4-hop-sua-lua-mach-bfast-180ml-202106020921059723.jpg,unisex,25_34,neutral,daily
51,11f2305b-4158-4922-83d3-32a4ec214596,Thùng 48 hộp sữa chua uống hương cam YoMost 170ml,1 thùng,298000,Sữa & chế phẩm,156,https://cdnv2.tgdd.vn/bhx-static/bhx/Products/Images/2944/86162/bhx/scu-yomost-cam-170ml-thung_202510301416044859.jpg,unisex,25_34,neutral,daily
52,ea03fd89-98bb-42ca-900a-59f1006717b8,Thùng 48 hộp sữa chua uống hương bạc hà và việt quất YoMost 170ml,1 thùng,298000,Sữa & chế phẩm,40,https://cdnv2.tgdd.vn/bhx-static/bhx/Products/Images/2944/178948/bhx/thung-sua-chua-uong-yomost-vi-bac-ha-va-viet-quat_202510301512243610.jpg,unisex,25_34,neutral,daily
53,d5b1b057-5bcf-4629-a973-7f8e9c0bca3c,Thùng 48 hộp sữa chua lên men tự nhiên hương nho có thạch LOF Malto 170ml,1 thùng,273000,Sữa & chế phẩm,84,https://cdnv2.tgdd.vn/bhx-static/bhx/Products/Images/2944/339218/bhx/loc-4-hop-sua-chua-len-men-tu-nhien-huong-nho-co-thach-lof-malto-170ml-clone_202506051414593308.jpg,unisex,25_34,neutral,daily
54,c5544e90-b58e-4a17-89af-5f131087703b,Lốc 4 hộp sữa chua lên men tự nhiên hương nho có thạch LOF Malto 170ml,1 lốc,34500,Sữa & chế phẩm,29,https://cdnv2.tgdd.vn/bhx-static/bhx/Products/Images/2944/339217/bhx/loc-4-hop-sua-chua-len-men-tu-nhien-huong-nho-lof-malto-180ml-clone_202506051408491703.jpg,unisex,25_34,neutral,daily
55,4deccf3e-0f6b-4f7e-932a-5acf275d938f,Lốc 4 chai sữa chua uống hương việt quất Nutriboost Hy Lạp 170ml,1 lốc,37000,Sữa & chế phẩm,12,https://cdnv2.tgdd.vn/bhx-static/bhx/Products/Images/2947/331455/bhx/z-1_202410260910183398.jpg,unisex,25_34,neutral,daily
56,c11379c8-f11b-4bc0-bc6b-32483cb53628,Lốc 4 chai sữa chua uống hương cam Nutriboost Hy Lạp 170ml,1 lốc,37000,Sữa & chế phẩm,17,https://cdnv2.tgdd.vn/bhx-static/bhx/Products/Images/2947/331454/bhx/z_202410260909016033.jpg,unisex,25_34,neutral,daily
57,e56f880f-1868-440c-aef9-7faa345362ed,Sữa chua uống hương cam Nutriboost Hy Lạp chai 170ml,1 chai,10000,Sữa & chế phẩm,92,https://cdn.tgdd.vn/Products/Images/2944/322885/bhx/nuoc-uong-sua-chua-hy-lap-nutriboost-huong-viet-quat-170ml-clone-202403091221289021.jpg,unisex,25_34,neutral,daily
58,54ee9149-caee-4c90-9f0d-8a89945ffa5f,Sữa chua uống hương việt quất Nutriboost Hy Lạp chai 170ml,1 chai,10000,Sữa & chế phẩm,122,https://cdn.tgdd.vn/Products/Images/2944/322884/bhx/sua-trai-cay-nutriboost-huong-banh-quy-kem-297ml-clone-202403091152182464.jpg,unisex,25_34,neutral,daily
59,b9c6ad3b-cba2-4de1-96f6-b27fe38a368f,Lốc 4 hộp sữa chua uống hương bạc hà và việt quất YoMost 170ml,1 lốc,29000,Sữa & chế phẩm,197,https://cdnv2.tgdd.vn/bhx-static/bhx/Products/Images/2944/178947/bhx/sua-chua-uong-yomost-vi-bac-ha-va-viet-quat-4-hop_202510301511214809.jpg,unisex,25_34,neutral,daily
60,af2ba8ff-ed0a-4780-9152-5d873dba29b3,Lốc 4 hộp sữa chua có đường Nutimilk 100g,1 lốc,26000,Sữa & chế phẩm,154,https://cdn.tgdd.vn/Products/Images/7558/222522/bhx/loc-4-hop-sua-chua-nutifood-co-duong-100g-202103300934287321.jpg,unisex,25_34,neutral,daily
61,cfcd4967-30f5-4502-acbe-6b72adfab32b,Lốc 4 hũ sữa chua ăn có đường Lothamilk 100g,1 lốc,25500,Sữa & chế phẩm,149,https://cdnv2.tgdd.vn/bhx-static/bhx/Products/Images/7558/239327/bhx/loc-4-hu-sua-chua-an-lothamilk-co-duong-100g_202510211129104224.jpg,unisex,25_34,neutral,daily
62,8e6ed997-217f-4dc4-ba92-611c2a6bbd91,Lốc 4 hộp sữa chua ăn ít đường Nutimilk 100g,1 lốc,26000,Sữa & chế phẩm,95,https://cdn.tgdd.vn/Products/Images/7558/324700/bhx/loc-4-hop-sua-chua-an-it-duong-nutimilk-100g-202405200928563578.jpg,unisex,25_34,neutral,daily
63,ffab1e43-67a3-4455-b9f5-ece65ebd4ebb,Lốc 4 hộp sữa chua ăn nha đam Lothamilk 100g,1 lốc,30000,Sữa & chế phẩm,39,https://cdnv2.tgdd.vn/bhx-static/bhx/Products/Images/7558/333033/bhx/loc-4-hop-sua-chua-an-nha-dam-lothamilk-100g_202510211118293630.jpg,unisex,25_34,neutral,daily
64,0f123724-4435-43b5-a850-de579646313d,Lốc 4 hộp sữa chua nha đam Nutimilk 100g,1 lốc,31000,Sữa & chế phẩm,66,https://cdn.tgdd.vn/Products/Images/7558/222523/bhx/loc-4-hop-sua-chua-nutimilk-nha-dam-100g-202401230920278850.jpg,unisex,25_34,neutral,daily
65,0433b59d-902c-4298-8e26-55d4ccbaf182,Lốc 4 hộp sữa chua ăn không đường Nutimilk 100g,1 lốc,26000,Sữa & chế phẩm,56,https://cdnv2.tgdd.vn/bhx-static/bhx/Products/Images/7558/333973/bhx/loc-4-hop-sua-chua-an-khong-duong-nutimilk-100g_202511082156122563.jpg,unisex,25_34,neutral,daily
66,59989980-7fbb-4c6a-bf32-5d2cb1fa21c5,Lốc 4 hộp sữa chua có đường Happy Star Vinamilk 100g,1 lốc,25500,Sữa & chế phẩm,25,https://cdnv2.tgdd.vn/bhx-static/bhx/Products/Images/7558/333017/bhx/frame-2-4_202412111402186906.jpg,unisex,25_34,neutral,daily
67,a67c2aa4-d081-41f2-a440-30d00cd60c5b,Lốc 2 hũ sữa chua nếp cẩm Sài Gòn Milk 120g,1 lốc,27000,Sữa & chế phẩm,186,https://cdn.tgdd.vn/Products/Images/7558/290308/bhx/loc-2-hu-sua-chua-sai-gon-milk-nep-cam-120g-202209171649472335.jpg,unisex,25_34,neutral,daily
68,5d22b162-c9c6-4540-ab8a-ff709f7148e3,Lốc 4 hộp váng sữa hương vani Hoff 55g,1 lốc,65000,Sữa & chế phẩm,80,https://cdnv2.tgdd.vn/bhx-static/bhx/Products/Images/7558/323731/bhx/loc-4-hop-vang-sua-huong-vani-hoff-55g_202510281104441650.jpg,unisex,25_34,neutral,daily
69,c6db64ee-92ea-4113-8297-a2e94c4f6be6,Lốc 4 hộp váng sữa dinh dưỡng Gotz 55g,1 lốc,34500,Sữa & chế phẩm,29,https://cdn.tgdd.vn/Products/Images/7558/323717/bhx/loc-4-hop-vang-sua-dinh-duong-gotz-55g-202403221236478534.jpg,unisex,25_34,neutral,daily
70,83bab65c-5e02-45a8-936d-58eaa4e206a2,Thùng 24 lon Bia Tiger lon 250ml,1 thùng,258000,Đồ uống có cồn,52,https://cdnv2.tgdd.vn/bhx-static/bhx/Products/Images/2282/328904/bhx/412208-3-1_202501040858596027.jpg,unisex,25_34,happy,party
71,bbd97816-ba62-4a9a-8384-7d7bff031ab1,Thùng 24 lon Bia Heineken Silver 250ml,1 thùng,355000,Đồ uống có cồn,18,https://cdn.tgdd.vn/Products/Images/2282/268673/bhx/thung-24-lon-bia-heineken-silver-250ml-202307071033264741.jpg,unisex,25_34,happy,party
72,ecb6b5c5-539c-4c4a-89a3-ad676f69c353,Thùng 24 lon Bia Sài Gòn Lager 330ml,1 thùng,258000,Đồ uống có cồn,139,https://cdn.tgdd.vn/Products/Images/2282/158349/bhx/thung-24-lon-bia-sai-gon-lager-330ml-202110111038141085.jpg,unisex,25_34,happy,party
73,c57b5193-7c6a-4e72-be5f-bf08951cd0ec,Thùng 24 lon Bia Tiger Bạc 330ml,1 thùng,395000,Đồ uống có cồn,166,https://cdnv2.tgdd.vn/bhx-static/bhx/Products/Images/2282/77606/bhx/412208-7_202501040910505920.jpg,unisex,25_34,happy,party
74,bfc156f1-4268-4720-ba38-b2f6882dc6bd,Thùng 24 lon Bia Tiger Bạc 250ml,1 thùng,276000,Đồ uống có cồn,15,https://cdnv2.tgdd.vn/bhx-static/bhx/Products/Images/2282/328902/bhx/412208-4-1_202501040903412829.jpg,unisex,25_34,happy,party
75,adaf187e-c86b-4ead-a4fc-fa93d98d1735,Thùng 24 lon Bia Blanc 1664 330ml,1 thùng,410000,Đồ uống có cồn,167,https://cdn.tgdd.vn/Products/Images/2282/252737/bhx/thung-24-lon-bia-blanc-1664-330ml-202407061001226425.jpg,unisex,25_34,happy,party
76,aa017cb5-b496-42a5-9417-beec7b243112,Thùng 12 lon bia Hoegaarden Peach vị đào 500ml,1 thùng,445000,Đồ uống có cồn,14,https://cdn.tgdd.vn/Products/Images/2282/303826/bhx/thung-12-lon-bia-hoegaarden-peach-vi-dao-500ml-202303151341125768.jpg,unisex,25_34,happy,party
77,48e76a9b-f890-482e-8a03-cd6700870620,Thùng 12 lon bia Budweiser 500ml,1 thùng,349000,Đồ uống có cồn,194,https://cdn.tgdd.vn/Products/Images/2282/176454/bhx/thung-12-lon-bia-budweiser-500ml-202103162311285122.jpg,unisex,25_34,happy,party
78,23ac668a-0cd2-437b-8ff2-4e7f09f1f70e,Bia Lạc Việt lon 330ml,1 lon,12000,Đồ uống có cồn,135,https://cdnv2.tgdd.vn/bhx-static/bhx/Products/Images/2282/277840/bhx/bia-lac-viet-lon-330ml_202505281337499597.jpg,unisex,25_34,happy,party
79,dcf4b890-c91e-4ef3-bf6e-b4433d191182,Bia Corona Extra chai 250ml,1 lon,31000,Đồ uống có cồn,141,https://cdnv2.tgdd.vn/bhx-static/bhx/Products/Images/2282/335844/bhx/bia-corona-extra-300ml-clone_202503181510233947.jpg,unisex,25_34,happy,party
80,77e0bf6d-eb78-4ab7-8a73-d61458d018c6,Rượu soju Heejin vị việt quất 12% chai 360ml,1 chai,45000,Đồ uống có cồn,74,https://cdnv2.tgdd.vn/bhx-static/bhx/Products/Images/9498/329239/bhx/z-7_202410221349597530.jpg,unisex,25_34,neutral,daily
81,1485f5ea-a1a9-4383-98c4-338a415c5e3d,Rượu soju Heejin vị đào 12% chai 360ml,1 chai,45000,Đồ uống có cồn,21,https://cdnv2.tgdd.vn/bhx-static/bhx/Products/Images/9498/329238/bhx/z-8_202410221351142717.jpg,unisex,25_34,neutral,daily
82,7301020d-0402-4b78-969e-9e061a2a830f,Rượu soju Heejin vị dâu 12% chai 360ml,1 chai,45000,Đồ uống có cồn,95,https://cdnv2.tgdd.vn/bhx-static/bhx/Products/Images/9498/329237/bhx/z-6_202410221352004307.jpg,unisex,25_34,neutral,daily
83,a0500366-8dd9-44bc-ad93-6e2f9241f1bf,Rượu soju Rice+ hương dứa 12.5% chai 360ml,1 chai,45000,Đồ uống có cồn,120,https://cdn.tgdd.vn/Products/Images/9498/320034/bhx/ruou-soju-rice-huong-dua-125-chai-360ml-202401071911290498.jpg,unisex,25_34,neutral,daily
84,a4592c5b-8367-4468-b3e8-cbda4d9c38fa,Rượu soju Rice+ hương vải 12.5% chai 360ml,1 chai,45000,Đồ uống có cồn,116,https://cdn.tgdd.vn/Products/Images/9498/319969/bhx/ruou-soju-rice-huong-vai-125-chai-360ml-202401071912573306.jpg,unisex,25_34,neutral,daily
85,c34d6ee1-5a04-45bf-9b79-84e2f5289aef,Thùng 24 lon nước ngọt Pepsi không calo vị chanh 320ml,1 thùng,168000,Nước giải khát,144,https://cdnv2.tgdd.vn/bhx-static/bhx/Products/Images/2443/227311/bhx/thung-24-lon-nuoc-ngot-pepsi-khong-calo-vi-chanh-330ml_202510311433238230.jpg,unisex,25_34,happy,party
86,4544a866-890a-460f-93db-542521c75fa7,Thùng 24 chai nước ngọt 7 Up vị chanh 390ml,1 thùng,118000,Rau gia vị,22,https://cdnv2.tgdd.vn/bhx-static/bhx/Products/Images/2443/79125/bhx/nuoc-ngot-7-up-thung-24-chai-390_202509050857354535.jpg,unisex,25_34,happy,party
87,b336ff02-4595-449e-ada1-c89697da7fc2,Thùng 12 chai nước ngọt Mirinda vị soda kem 1.5 lít,1 thùng,180000,Kem,155,https://cdn.tgdd.vn/Products/Images/2443/200782/bhx/thung-12-chai-nuoc-ngot-mirinda-vi-soda-kem-15-lit-202403281442114638.jpg,unisex,25_34,happy,party
88,e26b7e68-b6d3-48b3-afc4-352c85e6962a,Thùng 24 chai nước ngọt Mirinda hương xá xị 390ml,1 thùng,118000,Nước giải khát,197,https://cdn.tgdd.vn/Products/Images/2443/79149/bhx/thung-24-chai-nuoc-ngot-mirinda-huong-xa-xi-390ml-202310311417451013.jpg,unisex,25_34,happy,party
89,4362ec25-fdc1-4b2a-9588-6642962e5302,Thùng 24 chai nước ngọt Pepsi Cola 390ml,1 thùng,118000,Nước giải khát,132,https://cdn.tgdd.vn/Products/Images/2443/83601/bhx/thung-24-chai-nuoc-ngot-pepsi-cola-390ml-202405131540090674.jpg,unisex,25_34,happy,party
90,61c35ff1-5a92-4568-9870-e345bc73a24c,Nước ngọt Coca Cola lon 320ml,1 thùng,10000,Nước giải khát,70,https://cdn.tgdd.vn/Products/Images/2443/76451/bhx/nuoc-ngot-coca-cola-lon-320ml-202304131107525481.jpg,unisex,25_34,happy,party
91,845e5e02-35a6-498e-9420-f6d30ae72b04,6 lon nước ngọt Coca Cola 320ml,1 lốc,52000,Nước giải khát,159,https://cdn.tgdd.vn/Products/Images/2443/125398/bhx/6-lon-nuoc-ngot-coca-cola-320ml-202303181532309738.jpg,unisex,25_34,happy,party
92,6774e6fd-3534-44d2-8bf7-40170e50ac56,Nước ngọt Fanta hương xá xị chai 1.5 lít,1 chai,21000,Nước giải khát,156,https://cdnv2.tgdd.vn/bhx-static/bhx/Products/Images/2443/76457/bhx/z-18_202411041433399075.jpg,unisex,25_34,happy,party
93,204e5daa-e27a-42e2-ad34-d29fcb5d84a5,6 lon nước ngọt Mirinda vị soda kem 320ml,1 lốc,63000,Kem,141,https://cdn.tgdd.vn/Products/Images/2443/195220/bhx/6-lon-nuoc-ngot-mirinda-vi-soda-kem-320ml-202312260911089105.jpg,unisex,25_34,happy,party
94,d1b9db4c-7740-417c-9d54-b450251614c9,Nước ngọt Mirinda hương xá xị lon 320ml,1 lon,10000,Nước giải khát,134,https://cdn.tgdd.vn/Products/Images/2443/86628/bhx/nuoc-ngot-mirinda-huong-xa-xi-lon-320ml-202312252213207503.jpg,unisex,25_34,happy,party
95,0f57e196-eacf-4d9f-89a6-5fdd236a80c9,Bánh cracker rau củ chà bông Tipo hộp 132g,1 hộp,27000,Rau củ tươi,35,https://cdnv2.tgdd.vn/bhx-static/bhx/Products/Images/3357/339261/bhx/banh-cracker-rau-cu-cha-bong-tipo-hop-132g_202506251958074162.jpg,unisex,25_34,happy,snack
96,a903b525-93ec-4602-bf74-099d44d3ea67,Bánh cuộn phủ socola hương vani Gery Crunch Roll gói 23g,1 bánh,5000,Snack,70,https://cdnv2.tgdd.vn/bhx-static/bhx/Products/Images/3357/339260/bhx/banh-cuon-phu-socola-gery-crunch-roll-hop-299g-clone_202506061624289163.jpg,unisex,25_34,happy,snack
97,37f71635-5dd1-431a-b46d-bc5c35acb0ec,Bánh cuộn phủ socola Gery Crunch Roll gói 23g,1 bánh,5000,Snack,152,https://cdnv2.tgdd.vn/bhx-static/bhx/Products/Images/3357/339259/bhx/anh-slide-41_202506061602367848.jpg,unisex,25_34,happy,snack
98,ee26af7b-4793-4bac-83ef-42dcff20b99a,Bánh cracker vị dừa sầu riêng Bibica Gooka Nougat Filling hộp 360g,1 hộp,65000,Snack,37,https://cdnv2.tgdd.vn/bhx-static/bhx/Products/Images/3357/332446/bhx/anh-slide-11_202411251536233594.jpg,unisex,25_34,happy,snack
99,14b30760-cebe-46ff-8768-3e7e7bbdcae5,Bánh quy bơ và cacao Danisa Abbracci hộp 168g,1 hộp,35500,Snack,163,https://cdnv2.tgdd.vn/bhx-static/bhx/Products/Images/3357/332445/bhx/sderffff_202411251522384110.jpg,unisex,25_34,happy,snack
100,46b1b7b5-3a08-4c49-96c5-44e9cf02c72d,Thùng 20 hộp Bánh quy socola Orion Miz 54g,1 thùng,290000,Snack,189,https://cdnv2.tgdd.vn/bhx-static/bhx/Products/Images/3357/331351/bhx/frame-3476037-1_202411241701446531.jpg,unisex,25_34,happy,snack
101,26b41c6b-4f50-45ec-b945-2a2e9eb74025,Thùng 20 hộp Bánh cá vị tôm nướng môi đỏ Orion Marine Boy 35g,1 thùng,260000,Snack,164,https://cdnv2.tgdd.vn/bhx-static/bhx/Products/Images/3357/331226/bhx/anh-slide-3-1_202410181910042375.jpg,unisex,UNDER_18,happy,snack
102,81606b2f-15e4-4ffc-a73b-fe9afc07043e,Bánh quy socola chip nhân kem dâu Parle Platina Hide & Seek gói 112.5g,1 bánh,25000,Snack,51,https://cdnv2.tgdd.vn/bhx-static/bhx/Products/Images/3357/330758/bhx/anh-slide-54_202410071449349188.jpg,unisex,25_34,happy,snack
103,215bb35c-37c7-451d-8a5e-19d774e2ec28,Bánh quy socola chip nhân socola Parle Platina Hide & Seek gói 112.5g,1 bánh,26000,Snack,38,https://cdnv2.tgdd.vn/bhx-static/bhx/Products/Images/3357/330755/bhx/anh-slide-53_202410071439116611.jpg,unisex,25_34,happy,snack
104,28a42565-eba9-41ff-b3ad-4eda339d7363,Bánh quy phô mai Gery hộp 180g,1 bánh,39000,Snack,141,https://cdnv2.tgdd.vn/bhx-static/bhx/Products/Images/3357/96264/bhx/banh-quy-cracker-gery-pho-mai-hop-200gr_202510131639047799.jpg,unisex,25_34,happy,snack
105,aa137a76-b19a-456d-abc9-fefb303c0521,Bánh cá vị rong biển tuyết xanh Orion Marine Boy hộp 32g,1 bánh,13000,Snack,167,https://cdn.tgdd.vn/Products/Images/3357/83216/bhx/banh-ca-vi-rong-bien-tuyet-xanh-orion-marine-boy-hop-32g-201912151632169943.jpg,unisex,18_24,anger,snack
106,b612273d-326d-4837-811f-90d838f60748,Gạo ST25 (Túi 5kg),1 túi,160000,Gạo,145,https://drive.google.com/uc?export=view&id=16vn7TVGAui6wqsLDzwEsSawscAtn_m_y,female,35_44,neutral,cooking
107,950bc1a0-a654-4c1f-937a-91b5753c75c0,Mì Hảo Hảo Tôm Chua Cay,1 gói,4500,Mì / Bún / Phở,47,https://drive.google.com/uc?export=view&id=1PxM-OPZir_XDhWZSApjIrGiRoPAjQQSy,unisex,18_24,anger,quick_meal
108,ba0eeecc-e4ce-4bd7-b4f0-91117d028872,Thùng Mì 3 Miền (30 gói),1 thùng,85000,Mì / Bún / Phở,105,https://drive.google.com/uc?export=view&id=1FANjTaEPu6oyWD1yQcrcY3dnBNt96-7Q,unisex,18_24,tired,quick_meal
109,013d09af-48c5-4c50-9709-5b6183c5e8cc,Dầu ăn Tường An,1 lít,48000,Dầu ăn,90,https://drive.google.com/uc?export=view&id=1kiTFIZLeadggKMoXrT5bFnXxdDXsAleP,female,35_44,neutral,cooking
110,5c3c9117-2fac-436a-b807-4cba00d3d6a1,Nước mắm Nam Ngư,750ml,42000,Gia vị,190,https://drive.google.com/uc?export=view&id=1BNsBFkDPq6jLAsoWhsjNCaOzlbsJeso6,female,35_44,neutral,cooking
111,39db55d0-6784-4457-900f-d85d7b17e783,Hạt nêm Knorr (400g),1 gói,38000,Gia vị,138,https://drive.google.com/uc?export=view&id=11gM-gBEU322jwRcI_bWHzHcTF_xHniQZ,female,35_44,neutral,cooking
112,26a9aea3-5f05-45b5-81af-801b4e2e9d24,Bột ngọt Ajinomoto (454g),1 gói,32000,Gia vị,38,https://drive.google.com/uc?export=view&id=1NLjMiL1LMHdyiDiF8AztSyCCkHM6LavO,unisex,25_34,neutral,daily
113,e7753b8d-850e-4de8-935e-b4cb3e98063a,Đường tinh luyện Biên Hòa (1kg),1 gói,22000,Gia vị,135,https://drive.google.com/uc?export=view&id=1t-nvgwBVIxrrCIGTtilcx4ZllEdWjfBp,unisex,25_34,neutral,daily
114,ce2da010-513b-4127-8f02-30e3f362500e,Muối I-ốt (Gói 500g),1 gói,5000,Gia vị,66,https://drive.google.com/uc?export=view&id=1xEHY8k9zmu9c-tYTV34c0t8AQLSREuWV,unisex,25_34,neutral,daily
115,11086cc9-d30a-4145-acaf-8e2084c851f0,Tương ớt Chinsu (250g),1 chai,12000,Gia vị,156,https://drive.google.com/uc?export=view&id=1kJ-y9pWd2EZo_bIRWRRmV5y5sLUZiZaY,unisex,25_34,neutral,daily
116,de0f18f5-f3b9-44bb-9d2d-ca990368168e,Trứng gà tươi (Vỉ 10 quả),1 vỉ,30000,Trứng,94,https://drive.google.com/uc?export=view&id=1sqB3KjGygo_hcjcrWS2MonCeXJZbtr8v,unisex,25_34,neutral,daily
117,44ff85fd-7cc4-4731-9c5d-a8da1e1f1c6f,Xúc xích Vissan (Gói 5 cây),1 gói,18000,Thịt chế biến,58,https://drive.google.com/uc?export=view&id=1_vKIp4jgGlMkIqbSmDqmJOsOKHpclwzI,unisex,25_34,neutral,daily
118,071cea0f-3714-449f-b21f-86ddce66fd4d,Cá hộp 3 Cô Gái,1 hộp,20000,Đồ hộp,175,https://drive.google.com/uc?export=view&id=1EbQfB98L9w1mZBxTZ_t1OlQmcg0eKmnO,unisex,25_34,neutral,daily
119,b3278e99-958a-4236-81bc-9cd0c9604c9c,Lốc 4 sữa tươi TH True Milk,1 lốc,32000,Sữa & chế phẩm,48,https://drive.google.com/uc?export=view&id=1erfosPXL8myD2B5UolfFUChsvl9xB9te,unisex,25_34,neutral,daily
120,95bd5a46-0188-4553-927a-64cb57498ebc,Lốc 4 sữa chua Vinamilk,1 lốc,24000,Sữa & chế phẩm,12,https://drive.google.com/uc?export=view&id=1tGXeuY67m_3hJ5JYW1lSOp64ITDToeg9,unisex,25_34,neutral,daily
121,827e4a51-3225-4f53-a04f-e03b0e5b9f8d,Sữa đặc Ông Thọ (Lon),1 lon,26000,Sữa & chế phẩm,190,https://drive.google.com/uc?export=view&id=1dvLxnYBoCB9jHpQnO57CfMcUndKSQffH,unisex,25_34,neutral,daily
122,eb6dd78c-2cff-4373-a62a-ad27ce8d8d87,Cà phê G7 3in1 (Hộp 18 gói),1 hộp,52000,Cà phê,175,https://drive.google.com/uc?export=view&id=1YdDsZgCbP4ViPHl3WDZ4G9_4qgIh69_J,unisex,25_34,neutral,daily
123,b5986a34-443f-4122-a13b-528f10e97ea5,Trà Lipton Túi lọc (Hộp 25 gói),1 hộp,35000,Trà,43,https://drive.google.com/uc?export=view&id=1Ww-YJPOZp9vN5y5BhJze6ff6zM7BeRmi,unisex,25_34,neutral,daily
124,4603c6b9-3f0e-4455-9c80-afad12742d51,Nước suối Aquafina (500ml),1 chai,5000,Nước giải khát,198,https://drive.google.com/uc?export=view&id=1uP0Xb-licw2YBtC367DcjmiUPxkz5ZRN,unisex,25_34,neutral,daily
125,0865ac34-b3ed-4b11-8a79-3e59ecf6d80f,Coca Cola (Chai 1.5L),1 chai,20000,Nước giải khát,121,https://drive.google.com/uc?export=view&id=11VYZZ6JGdKjyXSvowGgqfwfhToCEHyPw,unisex,25_34,neutral,daily
126,d487390c-5ffd-47eb-b891-e9feeaeb0830,Bia Tiger Nâu (Lon 330ml),1 lon,16000,Đồ uống có cồn,182,https://drive.google.com/uc?export=view&id=16cOmrN9gpGfA4dA-ZPKuQw_S2udmoaPV,unisex,25_34,happy,party
127,93732245-6096-4556-a353-202308e968d1,Bánh ChocoPie (Hộp 6 cái),1 hộp,30000,Snack,143,https://drive.google.com/uc?export=view&id=1r2gGuC6vJ6pYYfd4YoFsuyOmev0TFvxL,unisex,18_24,sad,snack
128,a010e906-1854-42a0-944b-8bcd42f82e55,Snack Khoai tây O'Star,1 bịch,10000,Snack,182,https://drive.google.com/uc?export=view&id=1ao9jN_8dly7IxSQLu60B9wN5vVS1DBqy,unisex,25_34,happy,snack
129,fb1ea21f-cda1-4678-a372-358a68f83a9c,Kẹo cứng Dynamite,1 bịch,8000,Kẹo,132,https://drive.google.com/uc?export=view&id=1QOFoiJ-neLa60MWzxRN1yjV7WD-fHWSM,unisex,25_34,happy,snack
130,260fa104-9d28-45a7-bb5e-06b373367221,Bánh quy Cosy (Gói 200g),1 gói,15000,Snack,106,https://drive.google.com/uc?export=view&id=1JCx4DkS8W-LhEMt_SJ5WEKdlTKAMAoje,unisex,25_34,happy,snack
131,596df514-3b1f-463c-92f3-fdfb93e41684,Ngũ cốc dinh dưỡng (Gói 500g),1 gói,55000,Snack,143,https://drive.google.com/uc?export=view&id=1E9rj60Xw9QwprVb-wQoWTvL9XoNNq1QM,unisex,25_34,happy,snack
132,df4e7bad-75ab-4bb8-822a-e66ec36f0a38,Đậu phộng da cá (Hũ 200g),1 hũ,25000,Snack,46,https://drive.google.com/uc?export=view&id=1kuQWxypCd8M8Apxg3xaL5cxFiN_dNhBP,unisex,UNDER_18,happy,snack
133,7a904b8a-d0d0-4b76-95cf-4b2020758a9e,Nước tăng lực Redbull (Lon),1 lon,12000,Nước giải khát,44,https://drive.google.com/uc?export=view&id=1FwglisycLKblrZFzBeysoV7y3FuCSKc1,unisex,25_34,neutral,daily
134,f321fc35-eb7c-428c-a6bd-77a3f0df00a4,Trà xanh C2 (Chai 360ml),1 chai,7000,Nước giải khát,20,https://drive.google.com/uc?export=view&id=1YnS6dFyMy9Y8SPQiax1rZg2nQmkbXckh,unisex,25_34,neutral,daily
135,c7f42ff3-6047-4f08-866c-1b32209e3f90,Bún khô Safoco (Gói 400g),1 gói,18000,Mì / Bún / Phở,74,https://drive.google.com/uc?export=view&id=1EKhKtHjTtfaMinMcC9vLLkRTBa_156mg,unisex,18_24,tired,quick_meal
136,53ec6e96-b534-42e0-a986-9d6d2d36e86d,Dầu gội Sunsilk (Chai 650g),1 chai,110000,Chăm sóc cá nhân,178,https://drive.google.com/uc?export=view&id=1P8U6eNLdIL7PAYj7_n7JrVHwDNEOZxb3,unisex,25_34,neutral,daily
137,f0cac878-618a-41d5-9319-8b85e8c0fc27,Dầu gội Clear Men (Chai 630g),1 chai,135000,Chăm sóc cá nhân,136,https://drive.google.com/uc?export=view&id=15Adp0ovdFGabFHQW5XaQ-Sf5pUhCvOY_,unisex,25_34,neutral,daily
138,8e13d676-f7e9-477f-940b-813f80469993,Sữa tắm Lifebuoy (Chai 850g),1 chai,150000,Chăm sóc cá nhân,22,https://drive.google.com/uc?export=view&id=1vHsujbX12hCDcPxos74I7WVaof349id5,unisex,25_34,neutral,daily
139,efbd986b-4531-4883-afb4-194c9b59a109,Bột giặt OMO (Túi 3kg),1 túi,125000,Hóa phẩm tẩy rửa,90,https://drive.google.com/uc?export=view&id=1m0zsvJDd1RvS1go3BuSrMV6owu1PZiOH,unisex,25_34,neutral,daily
140,47c22c5d-813f-4e12-9e3f-a450c8a3121f,Nước giặt Ariel (Túi 2.1kg),1 túi,140000,Hóa phẩm tẩy rửa,109,https://drive.google.com/uc?export=view&id=1N_lBiQwspb8agQjPrGEueo1PrjDizTd9,unisex,25_34,neutral,daily
141,0b4a4b09-46ec-4a6b-bc41-df4393645a3e,Nước xả vải Comfort (Túi 1.6L),1 túi,115000,Hóa phẩm tẩy rửa,137,https://drive.google.com/uc?export=view&id=1OuCk0vBN1Bia8wO-8s2jvKKm143XZt0F,unisex,25_34,neutral,daily
142,11c60194-88d2-4816-997a-5553a8cb6196,Kem đánh răng P/S (180g),1 cái,28000,Chăm sóc cá nhân,101,https://drive.google.com/uc?export=view&id=1R59afvJDCYkR52HMjKs_DPMZCxgg8LsV,unisex,25_34,neutral,daily
143,a3a7acbd-4cf2-4f56-9930-63c15fc00ecc,Bàn chải đánh răng Colgate,1 cái,15000,Chăm sóc cá nhân,35,https://drive.google.com/uc?export=view&id=1m9ddwD3qr7NJP6w-EyZLqJY72xvETN42,unisex,25_34,neutral,daily
144,2869b301-5fec-407f-b472-6e72ee034c9f,Nước rửa chén Sunlight (750ml),1 chai,25000,Hóa phẩm tẩy rửa,97,https://drive.google.com/uc?export=view&id=1k4uVqs0F80066T6ggTaTXSmShU7FVTw_,unisex,25_34,neutral,daily
145,3f023ad8-02a4-4e95-8ec6-553c622e7d9d,Nước lau sàn Gift (1 Lít),1 chai,22000,Hóa phẩm tẩy rửa,170,https://drive.google.com/uc?export=view&id=1Srig_rAfecvcUHMDJKuOPb7zV21ziwv5,unisex,25_34,neutral,daily
146,fd9f259d-1ea9-4994-ae7d-d00f930fcde4,Nước tẩy bồn cầu Vim (900ml),1 chai,32000,Hóa phẩm tẩy rửa,50,https://drive.google.com/uc?export=view&id=1j7TNgfxMHlIVgpiuzR0qmBaLqFR9X-mN,unisex,25_34,neutral,daily
147,3518ef51-5bc7-4266-bbc2-6ce2d3acbc53,Giấy vệ sinh E'mos (Lốc 10),1 lốc,60000,Sản phẩm giấy,131,https://drive.google.com/uc?export=view&id=1hZJTqWZAbRjECY0dVkB7BdCeaHno1aA6,unisex,25_34,neutral,daily
148,d6f2920e-e16a-4096-8159-a938f4b8ce59,Khăn giấy rút Pulppy (Hộp),1 hộp,18000,Sản phẩm giấy,135,https://drive.google.com/uc?export=view&id=1KahD7t9Q7iJtFHLS3y49Ch-hlDXAmbhy,unisex,25_34,neutral,daily
149,37ee0bd9-0b99-403e-96ab-f314af9c2e8e,Băng vệ sinh Diana (Gói 8),1 gói,18000,Khác,13,https://drive.google.com/uc?export=view&id=1vXhadeTMrYUu3QfV5dyTbInLXr0Rbjw6,unisex,25_34,neutral,daily
150,8f4dc2fd-7d0d-449f-88a4-47cad03d38d2,Tã quần Bobby (Bịch M40),1 bịch,210000,Chăm sóc em bé,171,https://drive.google.com/uc?export=view&id=1FHIzwDvi6ilU6IXsrcj2BqxjSgSomMjU,unisex,25_34,neutral,daily
151,4e6b1095-a3cb-4d03-b747-0b3080e9a160,Xà bông cục X-Men,1 cái,15000,Khác,24,https://drive.google.com/uc?export=view&id=1bCoabksxY-SLOv1Smut-xlv07o7wbiMX,unisex,25_34,neutral,daily
152,a544d61d-edb8-4b54-ad19-8f4745d8307a,Sữa rửa mặt Acnes (100g),1 chai,55000,Chăm sóc cá nhân,65,https://drive.google.com/uc?export=view&id=1T9n3sCvHiC3PYzV0UjVtiN_PlIzhc5xu,unisex,25_34,neutral,daily
153,0fae3be1-0f57-4a82-aba9-d13e180c1943,Dao cạo râu Gillette (Cây),1 cây,12000,Chăm sóc cá nhân,86,https://drive.google.com/uc?export=view&id=1-R6crhn6FrTRBq2HG-MVPrRwIXU6Y-XO,unisex,25_34,neutral,daily
154,5b0ce6be-f2d9-4e5a-af4d-7e4477ae9970,Bọt cạo râu (Chai 200ml),1 chai,65000,Chăm sóc cá nhân,49,https://drive.google.com/uc?export=view&id=1LOJFxS3IEB5V8c7v7Jw2OOhqTMhye_7S,unisex,25_34,neutral,daily
155,4dd70e94-850f-406f-a440-c4a161d99325,Dung dịch vệ sinh phụ nữ (Chai),1 chai,35000,Chăm sóc cá nhân,55,https://drive.google.com/uc?export=view&id=15YM38yUX3xR-L5TA4WujTA3bUZ7YEAIC,unisex,25_34,neutral,daily
156,88a52c8d-5e20-4da9-b186-dba57601f4c2,Tăm bông ráy tai (Hộp),1 hộp,10000,Chăm sóc cá nhân,73,https://drive.google.com/uc?export=view&id=1VrZEcVgxMKP0joZsc5zvO6zJ9-cookcM,unisex,25_34,neutral,daily
157,9945b4f0-0b1d-46e2-b225-2cded06debbf,Khăn ướt Baby (Gói 80 tờ),1 gói,25000,Chăm sóc em bé,87,https://drive.google.com/uc?export=view&id=1DItoPhpMgjsY6h3mPtk2mjwYlrDkDSGs,unisex,25_34,neutral,daily
158,8526f078-cb9e-4c78-ae7a-ab1526ddda7d,Nước rửa tay khô (Chai 100ml),1 chai,30000,Khác,52,https://drive.google.com/uc?export=view&id=1_fSYvzyigE7Cvnu4tgSjFGbAgL_aPPoE,unisex,25_34,neutral,daily
159,faa88516-1182-495d-981d-3a5f206d2770,Sáp khử mùi phòng (Hộp),1 hộp,40000,Khác,26,https://drive.google.com/uc?export=view&id=1QNyd-GZiRpl26TKF4lr1-ZLykNJ3JLYK,unisex,25_34,neutral,daily
160,d560d1cf-83fa-47da-9467-26fa419a73ba,Thuốc xịt muỗi Raid (600ml),1 chai,65000,Khác,52,https://drive.google.com/uc?export=view&id=11Tgr9wYJqwHjuep0vDQEAag_SDo3b-9_,unisex,25_34,neutral,daily
161,d0ce3076-c06f-42af-ba23-221c0ee27198,Nhang muỗi (Hộp 10 khoanh),1 hộp,8000,Khác,200,https://drive.google.com/uc?export=view&id=1uzW03tW_Gj_n-d5LArZ45Rq6oL5wn-Gq,unisex,25_34,neutral,daily
162,8f8b80aa-8a45-4b12-add5-6d36bd69dcdf,Javel tẩy trắng (Chai 1L),1 chai,15000,Hóa phẩm tẩy rửa,31,https://drive.google.com/uc?export=view&id=1vZRPlFHzFg5NewLcw4AUnkx020Wp-LZE,unisex,25_34,neutral,daily
163,5acdac1a-898e-4a9f-8acd-f8590ce29d7b,Cọ rửa bồn cầu (Cây),1 cây,15000,Dụng cụ vệ sinh,183,https://drive.google.com/uc?export=view&id=1ljh2Bi31evTyp3zkb8--FMd-9JpTufOi,unisex,25_34,neutral,daily
164,5576682c-00ee-4aab-8888-3526e2bf7626,Bao tay cao su (Đôi),1 đôi,18000,Dụng cụ vệ sinh,82,https://drive.google.com/uc?export=view&id=1xHbrJH9B4N4cQJjk8jVC1m4bOxPGvjV7,unisex,25_34,neutral,daily
165,e7082b36-2f83-4c1f-a986-57c985941c24,Túi đựng rác (Cuộn 3 màu),1 cuộn,25000,Dụng cụ vệ sinh,17,https://drive.google.com/uc?export=view&id=1eOKzL-Uke93VJAVu83RlcRksFsVyOdWm,unisex,25_34,neutral,daily
166,96957d5e-8c41-4952-9b85-b76b950196f3,Chổi đót quét nhà,1 cái,35000,Dụng cụ vệ sinh,136,https://drive.google.com/uc?export=view&id=1I2ErYd2FBh2ctCPc63pUcBS9yCdkIQ1j,unisex,25_34,neutral,daily
167,1922c25c-8820-4cc8-9b62-4ffe1c5b9704,Cây lau nhà 360 độ (Bộ),1 bộ,180000,Dụng cụ vệ sinh,25,https://drive.google.com/uc?export=view&id=1PEuOcvaIp9NXh0iA1mMtelkdnlIqvmbK,unisex,25_34,neutral,daily
168,131a23d6-1d20-4d98-b9dd-2d0eb19e0b54,Bóng đèn LED Điện Quang 20W,1 cái,45000,Phụ kiện điện,16,https://drive.google.com/uc?export=view&id=1ewO6qHl9Kq1RAkI-XsmVQZvC3NAJGTa_,unisex,25_34,neutral,daily
169,8531a0bb-c2d8-42da-b318-d7a1cf5a767b,Ổ cắm điện nối dài (3 mét),1 cái,85000,Phụ kiện điện,198,https://drive.google.com/uc?export=view&id=1OlCsivPh9awJOCROzgdOLjWsqDjPof8Y,unisex,25_34,neutral,daily
170,b3ddb87e-8557-4283-bd9e-e384d80b0026,Pin AA Con Ó (Vỉ 4 viên),1 vỉ,10000,Pin,96,https://drive.google.com/uc?export=view&id=1NFC83wPfTiAc9V0LwrlaDQJi8BXRWFI_,unisex,25_34,neutral,daily
171,34b1c04a-0e91-4eaf-ae2d-f379c0324d29,Pin AAA Panasonic (Vỉ 2 viên),1 vỉ,15000,Pin,23,https://drive.google.com/uc?export=view&id=1CaKTjy-ojCzMF7V-dGGnieYkvAaNxrRm,unisex,25_34,neutral,daily
172,17f75c8c-ac61-4e32-8355-90e37f46cc3c,Màng bọc thực phẩm (Cuộn),1 cuộn,20000,Đồ dùng nhà bếp,92,https://drive.google.com/uc?export=view&id=1x_vzL71Bd9tpEe7mfy_el8Th0_csY50d,unisex,25_34,neutral,daily
173,78a22c2f-8513-49ba-95df-227bbb48543e,Giấy bạc nướng (Cuộn),1 cuộn,25000,Đồ dùng nhà bếp,31,https://drive.google.com/uc?export=view&id=1DpOUNv2FiZSYFzk1A3t_OZ21_TTLi6oI,unisex,25_34,neutral,daily
174,fdd4d2f8-60fd-4b2e-ada3-76b372f6a0c0,Miếng rửa chén (Miếng),1 miếng,5000,Dụng cụ vệ sinh,79,https://drive.google.com/uc?export=view&id=1DCY_aW1L4ArKHi8nPM4JixI27W2wRR20,unisex,25_34,neutral,daily
175,c55a887f-03c5-45e6-9934-5f8a9a007306,Bùi nhùi sắt (Gói),1 gói,10000,Dụng cụ vệ sinh,75,https://drive.google.com/uc?export=view&id=1ZzI6k3aSwmRNKajTvd5SyQaZvhGyL8pw,unisex,25_34,neutral,daily
176,2eab34da-0a77-4a39-acbb-0e800b733966,Móc phơi quần áo (Vỉ 10),1 vỉ,35000,Khác,184,https://drive.google.com/uc?export=view&id=1Ns2nbAXw3o6dklMTwiwn5g5PCoGBbrSp,unisex,25_34,neutral,daily
177,991f1b12-1dc2-498a-83bb-75bf860ad56b,Kẹp quần áo (Vỉ 20),1 vỉ,15000,Khác,103,https://drive.google.com/uc?export=view&id=1SxtlhlkoPLJCv_1nvy7qksRCg2w9nZA0,unisex,25_34,neutral,daily
178,d266d4ae-3907-4253-8443-ae1cf4103dde,Thớt nhựa tròn,1 cái,40000,Dụng cụ bếp,22,https://drive.google.com/uc?export=view&id=1qB-xy4JB2dMcNoKhhNpPKzVc4Y3-YDZw,unisex,25_34,neutral,daily
179,116ca6a2-d366-440f-951e-05cd8176868b,Dao thái lan cán vàng,1 cái,12000,Dụng cụ bếp,23,https://drive.google.com/uc?export=view&id=11Z4iBTlEAyx1nPADYn2tnrg2C3GazGlh,unisex,25_34,neutral,daily
180,8f382477-a9b4-44d6-bf2a-59fae61d9166,Kéo cắt giấy/bếp,1 cái,20000,Dụng cụ bếp,154,https://drive.google.com/uc?export=view&id=1uI7imbhQUu-csykuWIuF8JjJiduMtpuY,unisex,25_34,neutral,daily
181,e483f862-1cbe-45fd-bdb1-169e28072fc2,Bật lửa gas,1 cái,3000,Khác,162,https://drive.google.com/uc?export=view&id=1hSqu8r_6PxrGBxFeXHkJPg7dzwrFyP-G,unisex,25_34,neutral,daily
182,04931d60-d635-4729-8b9e-1171306f235b,Nến cây (Gói 5 cây),1 gói,10000,Khác,64,https://drive.google.com/uc?export=view&id=1kLWZySIxqwG26vlVa-eFO4UNkoSz7Nwu,unisex,25_34,neutral,daily
183,5a20e1d3-d558-4cad-ae30-cbb947a1256f,Băng keo trong (Cuộn lớn),1 cuộn,15000,Khác,186,https://drive.google.com/uc?export=view&id=1Rb6ITA9lWZKi93w9euSEyoBU9V5syxM5,unisex,25_34,neutral,daily
184,e366d057-07fc-4551-a1ee-ee55890fbff7,Keo 502 (Chai),1 chai,5000,Khác,76,https://drive.google.com/uc?export=view&id=1gCZApy-6mDjC_E0i4_7AU_oFxkTYyPmD,unisex,25_34,neutral,daily
185,cf4e420e-2ede-4a08-8209-0eaa5a110cf5,Dây rút nhựa (Túi 100 sợi),1 túi,15000,Khác,62,https://drive.google.com/uc?export=view&id=14bpYPcUYPVvJeL_IJwlCa7jdhb7e2Q8k,unisex,25_34,neutral,daily
186,da5a3390-cf73-4a9f-bffc-f6e02a0905b2,Bút bi Thiên Long (Cây),1 cây,4000,Văn phòng phẩm,40,https://drive.google.com/uc?export=view&id=1vdI7aLTSWGrAAuzVJe1wpvEKxednP7_P,unisex,25_34,neutral,daily
187,8d1b6427-b718-48bd-8808-6af55eca8d5a,Vở học sinh 96 trang,1 cái,8000,Văn phòng phẩm,169,https://drive.google.com/uc?export=view&id=1azYZjzn6_V9e1AzrwmS99Zs6stsHZ7ve,unisex,25_34,neutral,daily
188,4a5f7c93-02f6-48e0-bcb4-a1c7ae3aec53,Bút chì gỗ 2B,1 cây,3000,Văn phòng phẩm,148,https://drive.google.com/uc?export=view&id=1OXYhugr2dqWjZyyaBp5PwatPuosvkv3_,unisex,25_34,neutral,daily
189,93e833a2-fb76-46e8-90d0-51b4a2067b2a,Gôm tẩy (Cục),1 cái,5000,Văn phòng phẩm,89,https://drive.google.com/uc?export=view&id=1aq2OSEGvYveqg9JM7Fg2uM5dUkv6Xrvv,unisex,25_34,neutral,daily
190,91a2bcb3-d18b-47dc-ab24-5af040967bf2,Thước kẻ 20cm,1 cái,5000,Văn phòng phẩm,13,https://drive.google.com/uc?export=view&id=1KTF1ommUXC2Cct8BXBNks4sRadeijahe,unisex,25_34,neutral,daily
191,1e416e03-2048-4d85-8f63-b6085adb65ae,Hồ dán giấy (Chai),1 cái,4000,Văn phòng phẩm,44,https://drive.google.com/uc?export=view&id=1t9f5cPRs5UI8b1U3Ye7tuRGau9MlQdUU,unisex,25_34,neutral,daily
192,b812638a-f73d-4a60-9695-eac88da8a809,Bấm kim số 10 (Cái),1 cái,20000,Văn phòng phẩm,102,https://drive.google.com/uc?export=view&id=1bgT9HvfIn9AlwdrpavgO28Jo_AaCsRxD,unisex,25_34,neutral,daily
193,057d7a10-7e86-4899-a4d3-2bbb14ab8e8d,Bìa hồ sơ Clearbag (Cái),1 cái,3000,Văn phòng phẩm,28,https://drive.google.com/uc?export=view&id=1JxtEFmMRe_sv9ikaAgkDEc9IS7-NFSg3,unisex,25_34,neutral,daily
194,3fe5094c-900b-4c6d-9730-f0f768c3f1e1,Dao rọc giấy (Cây),1 cây,10000,Văn phòng phẩm,161,https://drive.google.com/uc?export=view&id=1Tn9PHlU92AO5zjTEysYgia7U9OdqkBGO,unisex,25_34,neutral,daily
195,0c817e5a-0d94-4f29-be97-bc218296a244,Khẩu trang y tế (Hộp 50),1 hộp,35000,Chăm sóc sức khỏe,147,https://drive.google.com/uc?export=view&id=1YGt-Ik0UsnHKs8WuLlc1pt63QdXPLhF2,unisex,25_34,neutral,daily
196,c2e580f2-5d4f-48aa-8b5a-e9e74fc29bfe,Băng cá nhân Urgo (Hộp 100),1 hộp,25000,Chăm sóc sức khỏe,165,https://drive.google.com/uc?export=view&id=1mplJQKbChmrf_K0xwoWS5K5B8dszuDyW,unisex,25_34,neutral,daily
197,068f6987-474e-4559-aac7-6903691b2dad,Dầu gió xanh Con Ó (Chai),1 chai,30000,Chăm sóc sức khỏe,179,https://drive.google.com/uc?export=view&id=1c51TzpwuJAByCYHKPIcY7571KjInnVlz,unisex,25_34,neutral,daily
198,2c790f44-7ee9-4c1d-9170-0f67eaf7e736,Mũ bảo hiểm nửa đầu,1 cái,80000,Mũ bảo hiểm,16,https://drive.google.com/uc?export=view&id=14UqYYXM9AvJiPhULigAPC7GP4Zs2Sy3i,unisex,25_34,neutral,travel
199,78df9983-9047-45ca-8867-aa9f19c6e3d6,Áo mưa tiện lợi (Cái),1 cái,10000,Đồ dùng thời tiết,104,https://drive.google.com/uc?export=view&id=1UtI3Y9wiYdFwq1Ue59tWA-CNYnILtKHT,unisex,25_34,fear,rain
200,44e0b85c-6165-439b-84b4-6f85374c19e1,Dù cầm tay gấp gọn,1 cái,70000,Đồ dùng thời tiết,198,https://drive.google.com/uc?export=view&id=1oaYckH5EK5rhpPdBq1zrU2pj_3JgLIHU,unisex,25_34,fear,rain
201,e2b8c4e1-00d7-476e-9541-5da23db32d9e,Vớ chân nam/nữ (Đôi),1 đôi,12000,Phụ kiện & quần áo nhỏ,122,https://drive.google.com/uc?export=view&id=1DPK8baEyAkvTT-2192x1eoXQ3dMSNvap,male,18_24,neutral,daily
202,0a2dc91b-cdf6-46b2-99d4-697dbd70067f,Tai nghe có dây (Cái),1 cái,50000,Phụ kiện điện thoại,12,https://drive.google.com/uc?export=view&id=1EczD1ZsVYD2BN7IA4n0fi2VW1nrJLyrz,unisex,25_34,neutral,daily
203,cd3322e6-fa79-4ff1-9ec1-017716f5f8af,Cáp sạc Android/iPhone,1 cái,40000,Phụ kiện điện thoại,87,https://drive.google.com/uc?export=view&id=1b28JXgGaArAF01Hlec8RFE9eRq28zATH,unisex,25_34,neutral,daily
204,e03863a3-5056-43ed-af9e-77bdb148f682,Củ sạc USB 2 cổng,1 cái,50000,Phụ kiện điện thoại,25,https://drive.google.com/uc?export=view&id=1lMq5Xx21BnxbNYYoDIP-12GeN3Po-9JS,unisex,25_34,neutral,daily
205,57f232f5-1156-4349-a927-f00ce7a05827,Thẻ cào điện thoại 20k,1 cái,20000,Thẻ cào,17,https://drive.google.com/uc?export=view&id=1xFF9qyg7eTPJE4dCCRZOFjjlqpL_25_W,unisex,25_34,neutral,daily
